USE stela_boutique;

INSERT `user` VALUES
(100001, 'test', 'audi', 'audi','1998-12-20','home' ,'0912312345' , 'audi@gmail.com'),
(100002, 'test', 'ellen', 'ellen', '1999-01-04', 'home', '0912345678', 'ellen@gmail.com'),
(100003, 'test', 'kai', 'kai', '2000-02-07', 'home', '0966477382', 'kai@gmail.com'),
(100004, 'test', 'richard', 'richard', '2000-03-20', 'home', '0918537624', 'richard@gmail.com'),
(100005, 'test', 'stella', 'stefalen', '1998-04-25', 'home', '0987654321', 'stella@gmail.com'),
(100006, 'test', 'weibin', 'weibin', '1999-05-30', 'home', '0912837465', 'weibin@gmail.com');

INSERT `discount` VALUES
(300001, 0.8, "New Year Sale 20% OFF","2021-01-01", "2021-01-30"),
(300001, 0.5, "Christmast Gift 50% OFF","2020-12-15", "2020-12-30");
  
INSERT `item` VALUES
(200001,"Jolie Jeans Jacket In Green",10,"Jacket","F",1000,"Jacket which is ready to coloring your day by day","../img/clothes/Jacket/JolieJeansJacketInGreen.jpg"),
(200002,"Jolie Jeans Jacket In Nude",10,"Jacket","F",1000,"Jacket which is ready to coloring your day by day","../img/clothes/Jacket/JolieJeansJacketInNude.jpg"),
(200003,"Jolie Jeans Jacket In Red",10,"Jacket","F",1000,"Jacket which is ready to coloring your day by day","../img/clothes/Jacket/JolieJeansJacketInRed.jpg"),
(200004,"Jolie Jeans Jacket In Apricot",10,"Jacket","F",1000,"Jacket which is ready to coloring your day by day","../img/clothes/Jacket/JolieJeansJacketInApricot.jpg"),
(200005,"Jolie Jeans Jacket In Baby Blue",10,"Jacket","F",1000,"Jacket which is ready to coloring your day by day","../img/clothes/Jacket/JolieJeansJacketInBabyBlue.jpg"),
(200006,"Jolie Jeans Jacket In Yellow",10,"Jacket","F",1000,"Jacket which is ready to coloring your day by day","../img/clothes/Jacket/JolieJeansJacketInYellow.jpg"),
(200007,"Hettie Dress",10,"Dresses","F",790,"Breezy and fuss-free","../img/clothes/Dress/HettieDress.jpg"),
(200008,"Calla Dress",10,"Dresses","F",890,"Never bend your head.","../img/clothes/Dress/CallaDress.jpg"),
(200009,"Aria Dress",10,"Dresses","F",820,"Look the world straight in the eye","../img/clothes/Dress/AriaDress.jpg"),
(200010,"Avellyn Dress",10,"Dresses","F",850,"Everyone’s favorite ","../img/clothes/Dress/AvellynDress.jpg"),
(200011,"Vessa Dress",10,"Dresses","F",880,"You can wear the frontside back or the backside front, anything you want","../img/clothes/Dress/VessaDress.jpg"),
(200012,"Dacia Dress",10,"Dresses","F",8000,"From our freshly launched","../img/clothes/Dress/DaciaDress.jpg"),
(200013,"Adiel Top In White",10,"Tops","F",8000,"Beauty begins","../img/clothes/Tops/AdielTopInWhite.jpg"),
(200014,"Mikha Top",10,"Tops","F",8000,"All you need in this life","../img/clothes/Tops/MikhaTop.jpg"),
(200015,"Shauna Top",10,"Tops","F",8000,"Success is sure","../img/clothes/Tops/ShaunaTop.jpg"),
(200016,"Flor Top",10,"Tops","F",8000,"Pair with straight pant","../img/clothes/Tops/FlorTop.jpg"),
(200017,"Sali Top",10,"Tops","F",8000,"Puffy off shoulder sleeve","../img/clothes/Tops/SaliTop.jpg"),
(200018,"Braza Top",10,"Tops","F",8000,"Burnt orange Braza","../img/clothes/Tops/BrazaTop.jpg"),
(200018,"Printed Blue Bini Skirt",10,"Bottom","F",8000,"Still looks good to wear for go to hangout","../img/clothes/Bottom/PrintedBlueBiniSkirt.jpg"),
(200019,"Printed Beige Goza Skirt",10,"Bottom","F",8000,"Stunning, fancy, yet so comfy","../img/clothes/Bottom/PrintedBeigeGozaSkirt.jpg"),
(200020,"Printed Blue Bini Skirt",10,"Bottom","F",8000,"Still looks good to wear for go to hangout","../img/clothes/Bottom/PrintedBlueBiniSkirt.jpg"),
(200021,"Printed Blue Bini Skirt",10,"Bottom","F",8000,"Still looks good to wear for go to hangout","../img/clothes/Bottom/PrintedBlueBiniSkirt.jpg"),
(200022,"Printed Blue Bini Skirt",10,"Bottom","F",8000,"Still looks good to wear for go to hangout","../img/clothes/Bottom/PrintedBlueBiniSkirt.jpg"),
(200023,"Printed Blue Bini Skirt",10,"Bottom","F",8000,"Still looks good to wear for go to hangout","../img/clothes/Bottom/PrintedBlueBiniSkirt.jpg"),
(200024,"Pleated Oversize Cardigan In Grey",10,"Jacket","F",860,"Fit that looks good on all","../img/clothes/Jacket/PleatedOversizeCardiganInGrey.jpg"),
(200025,"Pleated Oversize Cardigan In Maroon",10,"Jacket","F",860,"In the mood for Maroon ♥️","../img/clothes/Jacket/PleatedOversizeCardiganInMaroon.jpg"),
(200026,"Pleated Oversize Cardigan In White",10,"Jacket","F",860,"Perfect for the morning coffee run","../img/clothes/Jacket/PleatedOversizeCardiganInWhite.jpg"),
(200027,"ClassicCheongsamInPastel",10,"Dresses","F",1100,"Pretty in every Color","../img/clothes/Jacket/ClassicCheongsamInPastel.jpg"),
(200028,"Qi Dress",10,"Dresses","F",1160,"New Chinese Classic C0llection","../img/clothes/Jacket/QiDress.jpg"),
(200029,"ShuangXiDress",10,"Dresses","F",1200,"All good things fullfil your new year","../img/clothes/Jacket/QiDress.jpg"),
(200030,"Huo Yan Top",10,"Tops","F",800,"Pairing with a scarf","../img/clothes/Tops/HuoYanTop.jpg"),
(200031,"Feng Fu Top",10,"Tops","F",790,"Lift your style and your mood","../img/clothes/Tops/FengFuTop.jpg"),
(200032,"Fang Fang Top",10,"Tops","F",750,"Feminine and flowy","../img/clothes/Tops/FangFangTop.jpg"),
(200034,"Hui Ling Pant",10,"Bottom","F",700,"Wise Jade","../img/clothes/Bottom/HuiLingPants.jpg"),
(200035,"Mei Rong Pant",10,"Bottom","F",720,"Simple but elegant ","../img/clothes/Bottom/MeiRongPants.jpg"),
(200036,"Jin Pant",10,"Bottom","F",750,"little ordinary","../img/clothes/Bottom/JinPants.jpg"),

INSERT `like` VALUES
(100001,200001),
(100001,200003),
(100002,200002),
(100002,200001),
(100002,200004);

INSERT `rate` VALUES
(100001,200001,"good",5),
(100002,200001,"bad quality",1),
(100003,200001,"good service",4);

-- status code 0 = new order, 1 = checkout, 2 = shipout, 3 = arrived(done) default 0
INSERT `order` VALUES
(400001,"2020-12-16", 0, null, 100001),
(400002,"2020-12-15", 3, null, 100002);

INSERT `itemlist` VALUES
(200002,400001,2),
(200001,400001,1),
(200003,400001,1),
(200004,400002,2),
(200003,400002,3);




